timestamp,values,sample_rate,frequency,noise_level
2025-01-24 21:16:09.341925,0.019595421241949393,1000,49.879949063633056,0.2
2025-01-24 21:16:09.342925,0.13575132227429004,1000,49.879949063633056,0.2
2025-01-24 21:16:09.343925,0.6096674354860797,1000,49.879949063633056,0.2
2025-01-24 21:16:09.344925,0.8116370241970662,1000,49.879949063633056,0.2
2025-01-24 21:16:09.345925,0.7535954460019963,1000,49.879949063633056,0.2
2025-01-24 21:16:09.346925,1.005500475195419,1000,49.879949063633056,0.2
2025-01-24 21:16:09.347925,1.1091934232203458,1000,49.879949063633056,0.2
2025-01-24 21:16:09.348925,0.5930346767927214,1000,49.879949063633056,0.2
2025-01-24 21:16:09.349925,0.8808641711387124,1000,49.879949063633056,0.2
2025-01-24 21:16:09.350925,0.17943138875199616,1000,49.879949063633056,0.2
2025-01-24 21:16:09.351925,-0.24083160322941982,1000,49.879949063633056,0.2
2025-01-24 21:16:09.352925,-0.23353374378100827,1000,49.879949063633056,0.2
2025-01-24 21:16:09.353925,-0.5909260850418878,1000,49.879949063633056,0.2
2025-01-24 21:16:09.354925,-0.7944938568441337,1000,49.879949063633056,0.2
2025-01-24 21:16:09.355925,-0.6848800164403164,1000,49.879949063633056,0.2
2025-01-24 21:16:09.356925,-0.9728826290039974,1000,49.879949063633056,0.2
2025-01-24 21:16:09.357925,-1.168898838718805,1000,49.879949063633056,0.2
2025-01-24 21:16:09.358925,-0.7324387559157189,1000,49.879949063633056,0.2
2025-01-24 21:16:09.359925,-0.6819609180878324,1000,49.879949063633056,0.2
2025-01-24 21:16:09.360925,-0.12938060456639477,1000,49.879949063633056,0.2
2025-01-24 21:16:09.361925,-0.11035230644868466,1000,49.879949063633056,0.2
2025-01-24 21:16:09.362925,0.3440345684244194,1000,49.879949063633056,0.2
2025-01-24 21:16:09.363925,0.2037892192845791,1000,49.879949063633056,0.2
2025-01-24 21:16:09.364925,0.6594907694473475,1000,49.879949063633056,0.2
2025-01-24 21:16:09.365925,1.0919066609881005,1000,49.879949063633056,0.2
2025-01-24 21:16:09.366925,1.1216947091429788,1000,49.879949063633056,0.2
2025-01-24 21:16:09.367925,1.2190087467029884,1000,49.879949063633056,0.2
2025-01-24 21:16:09.368925,0.9901071066732372,1000,49.879949063633056,0.2
2025-01-24 21:16:09.369925,0.9076403974655627,1000,49.879949063633056,0.2
2025-01-24 21:16:09.370925,0.20529693823843329,1000,49.879949063633056,0.2
2025-01-24 21:16:09.371925,-0.05342998978485251,1000,49.879949063633056,0.2
2025-01-24 21:16:09.372925,-0.4647012942765524,1000,49.879949063633056,0.2
2025-01-24 21:16:09.373925,-0.6747682389925356,1000,49.879949063633056,0.2
2025-01-24 21:16:09.374925,-0.7834452298023467,1000,49.879949063633056,0.2
2025-01-24 21:16:09.375925,-0.8541174829129564,1000,49.879949063633056,0.2
2025-01-24 21:16:09.376925,-1.2569633894733752,1000,49.879949063633056,0.2
2025-01-24 21:16:09.377925,-0.951308056900611,1000,49.879949063633056,0.2
2025-01-24 21:16:09.378925,-0.9400633389503568,1000,49.879949063633056,0.2
2025-01-24 21:16:09.379925,-0.9053571616077754,1000,49.879949063633056,0.2
2025-01-24 21:16:09.380925,-0.1152587017235484,1000,49.879949063633056,0.2
2025-01-24 21:16:09.381925,0.17403278722462384,1000,49.879949063633056,0.2
2025-01-24 21:16:09.382925,0.18505531941423667,1000,49.879949063633056,0.2
2025-01-24 21:16:09.383925,0.5230567178362575,1000,49.879949063633056,0.2
2025-01-24 21:16:09.384925,0.6438526338316487,1000,49.879949063633056,0.2
2025-01-24 21:16:09.385925,1.0782300574016634,1000,49.879949063633056,0.2
2025-01-24 21:16:09.386925,1.1096632984541093,1000,49.879949063633056,0.2
2025-01-24 21:16:09.387925,1.1897496317485063,1000,49.879949063633056,0.2
2025-01-24 21:16:09.388925,0.9034950495509593,1000,49.879949063633056,0.2
2025-01-24 21:16:09.389925,0.8396855822653765,1000,49.879949063633056,0.2
2025-01-24 21:16:09.390925,-0.07070011301418827,1000,49.879949063633056,0.2
2025-01-24 21:16:09.391925,-0.04678712635468476,1000,49.879949063633056,0.2
2025-01-24 21:16:09.392925,-0.3247022219450503,1000,49.879949063633056,0.2
2025-01-24 21:16:09.393925,-0.607202484880704,1000,49.879949063633056,0.2
2025-01-24 21:16:09.394925,-1.096424684167449,1000,49.879949063633056,0.2
2025-01-24 21:16:09.395925,-0.5196308496802005,1000,49.879949063633056,0.2
2025-01-24 21:16:09.396925,-0.9497257300932583,1000,49.879949063633056,0.2
2025-01-24 21:16:09.397925,-0.7793573707022652,1000,49.879949063633056,0.2
2025-01-24 21:16:09.398925,-0.6632344068532103,1000,49.879949063633056,0.2
2025-01-24 21:16:09.399925,-0.6917847247095444,1000,49.879949063633056,0.2
2025-01-24 21:16:09.400925,-0.14359912549905454,1000,49.879949063633056,0.2
2025-01-24 21:16:09.401925,0.14709053915659778,1000,49.879949063633056,0.2
2025-01-24 21:16:09.402925,0.5609851824944196,1000,49.879949063633056,0.2
2025-01-24 21:16:09.403925,0.5241126780893713,1000,49.879949063633056,0.2
2025-01-24 21:16:09.404925,0.6481147870275228,1000,49.879949063633056,0.2
2025-01-24 21:16:09.405925,0.7710342701324868,1000,49.879949063633056,0.2
2025-01-24 21:16:09.406925,0.757815638240106,1000,49.879949063633056,0.2
2025-01-24 21:16:09.407925,1.0296563930311893,1000,49.879949063633056,0.2
2025-01-24 21:16:09.408925,0.8713462708638665,1000,49.879949063633056,0.2
2025-01-24 21:16:09.409925,0.4343232477072766,1000,49.879949063633056,0.2
2025-01-24 21:16:09.410925,0.6527713374055435,1000,49.879949063633056,0.2
2025-01-24 21:16:09.411925,-0.17338189014142905,1000,49.879949063633056,0.2
2025-01-24 21:16:09.412925,-0.4521562132197472,1000,49.879949063633056,0.2
2025-01-24 21:16:09.413925,-0.7245832788480483,1000,49.879949063633056,0.2
2025-01-24 21:16:09.414925,-0.9488635670946856,1000,49.879949063633056,0.2
2025-01-24 21:16:09.415925,-1.2551500297508398,1000,49.879949063633056,0.2
2025-01-24 21:16:09.416925,-0.5898542269926742,1000,49.879949063633056,0.2
2025-01-24 21:16:09.417925,-0.9833701640956697,1000,49.879949063633056,0.2
2025-01-24 21:16:09.418925,-0.9863476039256651,1000,49.879949063633056,0.2
2025-01-24 21:16:09.419925,-0.33360546894265697,1000,49.879949063633056,0.2
2025-01-24 21:16:09.420925,-0.4454428047627451,1000,49.879949063633056,0.2
2025-01-24 21:16:09.421925,-0.00020526293772261256,1000,49.879949063633056,0.2
2025-01-24 21:16:09.422925,0.18655081779339627,1000,49.879949063633056,0.2
2025-01-24 21:16:09.423925,0.5003681471210945,1000,49.879949063633056,0.2
2025-01-24 21:16:09.424925,0.4500424377410974,1000,49.879949063633056,0.2
2025-01-24 21:16:09.425925,1.208331346371403,1000,49.879949063633056,0.2
2025-01-24 21:16:09.426925,0.8361455664828252,1000,49.879949063633056,0.2
2025-01-24 21:16:09.427925,0.8749316869094835,1000,49.879949063633056,0.2
2025-01-24 21:16:09.428925,1.2207460654890574,1000,49.879949063633056,0.2
2025-01-24 21:16:09.429925,0.5629938826036994,1000,49.879949063633056,0.2
2025-01-24 21:16:09.430925,0.2807642636679464,1000,49.879949063633056,0.2
2025-01-24 21:16:09.431925,0.24672343741839847,1000,49.879949063633056,0.2
2025-01-24 21:16:09.432925,-0.16708911673368818,1000,49.879949063633056,0.2
2025-01-24 21:16:09.433925,-0.13247995922016798,1000,49.879949063633056,0.2
2025-01-24 21:16:09.434925,-0.5866311480622075,1000,49.879949063633056,0.2
2025-01-24 21:16:09.435925,-0.880719072882789,1000,49.879949063633056,0.2
2025-01-24 21:16:09.436925,-0.8162029118615493,1000,49.879949063633056,0.2
2025-01-24 21:16:09.437925,-0.8170605021891506,1000,49.879949063633056,0.2
2025-01-24 21:16:09.438925,-0.4345767232597671,1000,49.879949063633056,0.2
2025-01-24 21:16:09.439925,-0.7638723557931614,1000,49.879949063633056,0.2
2025-01-24 21:16:09.440925,-0.32774695045572305,1000,49.879949063633056,0.2
2025-01-24 21:16:09.441925,-0.16048283137071584,1000,49.879949063633056,0.2
2025-01-24 21:16:09.442925,0.2441167822891326,1000,49.879949063633056,0.2
2025-01-24 21:16:09.443925,0.6688380415940889,1000,49.879949063633056,0.2
2025-01-24 21:16:09.444925,0.8096379293567022,1000,49.879949063633056,0.2
2025-01-24 21:16:09.445925,0.8820947037369447,1000,49.879949063633056,0.2
2025-01-24 21:16:09.446925,1.3076654381476525,1000,49.879949063633056,0.2
2025-01-24 21:16:09.447925,1.2020213246468443,1000,49.879949063633056,0.2
2025-01-24 21:16:09.448925,1.3711579465175543,1000,49.879949063633056,0.2
2025-01-24 21:16:09.449925,0.7181623808936494,1000,49.879949063633056,0.2
2025-01-24 21:16:09.450925,0.5101111088340058,1000,49.879949063633056,0.2
2025-01-24 21:16:09.451925,0.36674304970045823,1000,49.879949063633056,0.2
2025-01-24 21:16:09.452925,-0.2011062926430665,1000,49.879949063633056,0.2
2025-01-24 21:16:09.453925,-0.40360925608007814,1000,49.879949063633056,0.2
2025-01-24 21:16:09.454925,-0.6203154598283949,1000,49.879949063633056,0.2
2025-01-24 21:16:09.455925,-1.0463048674039344,1000,49.879949063633056,0.2
2025-01-24 21:16:09.456925,-1.0716578367574427,1000,49.879949063633056,0.2
2025-01-24 21:16:09.457925,-0.9555035509156318,1000,49.879949063633056,0.2
2025-01-24 21:16:09.458925,-0.6913486946755203,1000,49.879949063633056,0.2
2025-01-24 21:16:09.459925,-0.6501083572419909,1000,49.879949063633056,0.2
2025-01-24 21:16:09.460925,-0.6443087090393433,1000,49.879949063633056,0.2
2025-01-24 21:16:09.461925,0.15071794368305308,1000,49.879949063633056,0.2
2025-01-24 21:16:09.462925,0.2078950709530727,1000,49.879949063633056,0.2
2025-01-24 21:16:09.463925,0.6258010387370482,1000,49.879949063633056,0.2
2025-01-24 21:16:09.464925,0.7974869341640024,1000,49.879949063633056,0.2
2025-01-24 21:16:09.465925,0.8921683130056379,1000,49.879949063633056,0.2
2025-01-24 21:16:09.466925,0.7784918078599083,1000,49.879949063633056,0.2
2025-01-24 21:16:09.467925,0.8811432464651545,1000,49.879949063633056,0.2
2025-01-24 21:16:09.468925,0.8308415927590294,1000,49.879949063633056,0.2
2025-01-24 21:16:09.469925,0.4157053170493478,1000,49.879949063633056,0.2
2025-01-24 21:16:09.470925,0.2807334181033404,1000,49.879949063633056,0.2
2025-01-24 21:16:09.471925,0.2761551683493107,1000,49.879949063633056,0.2
2025-01-24 21:16:09.472925,-0.5803472177031705,1000,49.879949063633056,0.2
2025-01-24 21:16:09.473925,-0.20455350447490445,1000,49.879949063633056,0.2
2025-01-24 21:16:09.474925,-0.4722590371151883,1000,49.879949063633056,0.2
2025-01-24 21:16:09.475925,-0.9940546346580965,1000,49.879949063633056,0.2
2025-01-24 21:16:09.476925,-0.8526574805130103,1000,49.879949063633056,0.2
2025-01-24 21:16:09.477925,-1.046062256875412,1000,49.879949063633056,0.2
2025-01-24 21:16:09.478925,-0.9277551832134553,1000,49.879949063633056,0.2
2025-01-24 21:16:09.479925,-0.8430467001681768,1000,49.879949063633056,0.2
2025-01-24 21:16:09.480925,-0.00895818422002198,1000,49.879949063633056,0.2
2025-01-24 21:16:09.481925,0.2332537306187061,1000,49.879949063633056,0.2
2025-01-24 21:16:09.482925,0.32223660881895216,1000,49.879949063633056,0.2
2025-01-24 21:16:09.483925,0.3220433539651575,1000,49.879949063633056,0.2
2025-01-24 21:16:09.484925,0.24479591696764613,1000,49.879949063633056,0.2
2025-01-24 21:16:09.485925,1.164033938949372,1000,49.879949063633056,0.2
2025-01-24 21:16:09.486925,0.694995053867413,1000,49.879949063633056,0.2
2025-01-24 21:16:09.487925,0.40665512361757994,1000,49.879949063633056,0.2
2025-01-24 21:16:09.488925,1.122853510065917,1000,49.879949063633056,0.2
2025-01-24 21:16:09.489925,0.6596434351968671,1000,49.879949063633056,0.2
2025-01-24 21:16:09.490925,0.14441076057281388,1000,49.879949063633056,0.2
2025-01-24 21:16:09.491925,0.053606369121223324,1000,49.879949063633056,0.2
2025-01-24 21:16:09.492925,0.09253151923253572,1000,49.879949063633056,0.2
2025-01-24 21:16:09.493925,-0.13175901932856016,1000,49.879949063633056,0.2
2025-01-24 21:16:09.494925,-0.6648153437361671,1000,49.879949063633056,0.2
2025-01-24 21:16:09.495925,-0.5822008059525862,1000,49.879949063633056,0.2
2025-01-24 21:16:09.496925,-1.1231435632452464,1000,49.879949063633056,0.2
2025-01-24 21:16:09.497925,-1.363660065190205,1000,49.879949063633056,0.2
2025-01-24 21:16:09.498925,-0.5780453910695833,1000,49.879949063633056,0.2
2025-01-24 21:16:09.499925,-0.9905445873721341,1000,49.879949063633056,0.2
2025-01-24 21:16:09.500925,-0.4425699965580207,1000,49.879949063633056,0.2
2025-01-24 21:16:09.501925,-0.07190114219872429,1000,49.879949063633056,0.2
2025-01-24 21:16:09.502925,0.24326474259193848,1000,49.879949063633056,0.2
2025-01-24 21:16:09.503925,0.5398146519497513,1000,49.879949063633056,0.2
2025-01-24 21:16:09.504925,0.4529344464939702,1000,49.879949063633056,0.2
2025-01-24 21:16:09.505925,0.7015156040752721,1000,49.879949063633056,0.2
2025-01-24 21:16:09.506925,0.8539387024644239,1000,49.879949063633056,0.2
2025-01-24 21:16:09.507925,0.5786531374411047,1000,49.879949063633056,0.2
2025-01-24 21:16:09.508925,1.0334057056758772,1000,49.879949063633056,0.2
2025-01-24 21:16:09.509925,0.5284047435958636,1000,49.879949063633056,0.2
2025-01-24 21:16:09.510925,0.0475031279005404,1000,49.879949063633056,0.2
2025-01-24 21:16:09.511925,-0.2270115447408625,1000,49.879949063633056,0.2
2025-01-24 21:16:09.512925,-0.5832978721359736,1000,49.879949063633056,0.2
2025-01-24 21:16:09.513925,-0.4225597936939136,1000,49.879949063633056,0.2
2025-01-24 21:16:09.514925,-0.6995303156357878,1000,49.879949063633056,0.2
2025-01-24 21:16:09.515925,-0.6181441047253236,1000,49.879949063633056,0.2
2025-01-24 21:16:09.516925,-1.3200543915259335,1000,49.879949063633056,0.2
2025-01-24 21:16:09.517925,-0.9007555443282458,1000,49.879949063633056,0.2
2025-01-24 21:16:09.518925,-0.9817836747487992,1000,49.879949063633056,0.2
2025-01-24 21:16:09.519925,-1.037277831813757,1000,49.879949063633056,0.2
2025-01-24 21:16:09.520925,-0.6007806999852746,1000,49.879949063633056,0.2
2025-01-24 21:16:09.521925,-0.32647941973118,1000,49.879949063633056,0.2
2025-01-24 21:16:09.522925,0.038869564203463325,1000,49.879949063633056,0.2
2025-01-24 21:16:09.523925,0.41177013434853,1000,49.879949063633056,0.2
2025-01-24 21:16:09.524925,0.7028555671823014,1000,49.879949063633056,0.2
2025-01-24 21:16:09.525925,0.9432224564774307,1000,49.879949063633056,0.2
2025-01-24 21:16:09.526925,0.8338993775538817,1000,49.879949063633056,0.2
2025-01-24 21:16:09.527925,1.101231787391319,1000,49.879949063633056,0.2
2025-01-24 21:16:09.528925,0.9544457693671764,1000,49.879949063633056,0.2
2025-01-24 21:16:09.529925,0.6883534574046387,1000,49.879949063633056,0.2
2025-01-24 21:16:09.530925,0.5024375139281448,1000,49.879949063633056,0.2
2025-01-24 21:16:09.531925,0.19277579938578562,1000,49.879949063633056,0.2
2025-01-24 21:16:09.532925,-0.09956536260968633,1000,49.879949063633056,0.2
2025-01-24 21:16:09.533925,-0.84522476706722,1000,49.879949063633056,0.2
2025-01-24 21:16:09.534925,-0.39458421092912865,1000,49.879949063633056,0.2
2025-01-24 21:16:09.535925,-0.8638312646521704,1000,49.879949063633056,0.2
2025-01-24 21:16:09.536925,-1.0104767226920153,1000,49.879949063633056,0.2
2025-01-24 21:16:09.537925,-1.0993023826293118,1000,49.879949063633056,0.2
2025-01-24 21:16:09.538925,-0.49305780187068166,1000,49.879949063633056,0.2
2025-01-24 21:16:09.539925,-0.8472307627344831,1000,49.879949063633056,0.2
2025-01-24 21:16:09.540925,-0.4461620167713306,1000,49.879949063633056,0.2
2025-01-24 21:16:09.541925,-0.23597858492370327,1000,49.879949063633056,0.2
2025-01-24 21:16:09.542925,0.18325141837284595,1000,49.879949063633056,0.2
2025-01-24 21:16:09.543925,0.23584494840737438,1000,49.879949063633056,0.2
2025-01-24 21:16:09.544925,0.5647498010824641,1000,49.879949063633056,0.2
2025-01-24 21:16:09.545925,0.568654286965683,1000,49.879949063633056,0.2
2025-01-24 21:16:09.546925,0.6205539473931079,1000,49.879949063633056,0.2
2025-01-24 21:16:09.547925,0.967089503918041,1000,49.879949063633056,0.2
2025-01-24 21:16:09.548925,0.7174723167275588,1000,49.879949063633056,0.2
2025-01-24 21:16:09.549925,0.6621496423160849,1000,49.879949063633056,0.2
2025-01-24 21:16:09.550925,0.08086111018290498,1000,49.879949063633056,0.2
2025-01-24 21:16:09.551925,0.27604443369612675,1000,49.879949063633056,0.2
2025-01-24 21:16:09.552925,0.002200022520619127,1000,49.879949063633056,0.2
2025-01-24 21:16:09.553925,-0.21260710472046063,1000,49.879949063633056,0.2
2025-01-24 21:16:09.554925,-0.9675384548186372,1000,49.879949063633056,0.2
2025-01-24 21:16:09.555925,-0.6600522822749476,1000,49.879949063633056,0.2
2025-01-24 21:16:09.556925,-1.2464638230884157,1000,49.879949063633056,0.2
2025-01-24 21:16:09.557925,-1.0584426099737416,1000,49.879949063633056,0.2
2025-01-24 21:16:09.558925,-0.9444208470523817,1000,49.879949063633056,0.2
2025-01-24 21:16:09.559925,-0.7088819137660758,1000,49.879949063633056,0.2
2025-01-24 21:16:09.560925,-0.2999532312011226,1000,49.879949063633056,0.2
2025-01-24 21:16:09.561925,-0.23063501933435104,1000,49.879949063633056,0.2
2025-01-24 21:16:09.562925,0.024052650025991884,1000,49.879949063633056,0.2
2025-01-24 21:16:09.563925,0.38069749164860084,1000,49.879949063633056,0.2
2025-01-24 21:16:09.564925,0.9206172678446393,1000,49.879949063633056,0.2
2025-01-24 21:16:09.565925,1.0174391590743037,1000,49.879949063633056,0.2
2025-01-24 21:16:09.566925,1.063940827128747,1000,49.879949063633056,0.2
2025-01-24 21:16:09.567925,0.7148590627389169,1000,49.879949063633056,0.2
2025-01-24 21:16:09.568925,0.8679818499793177,1000,49.879949063633056,0.2
2025-01-24 21:16:09.569925,0.9285994727845446,1000,49.879949063633056,0.2
2025-01-24 21:16:09.570925,1.0313521042030218,1000,49.879949063633056,0.2
2025-01-24 21:16:09.571925,0.2512134247064226,1000,49.879949063633056,0.2
2025-01-24 21:16:09.572925,-0.053154343006854815,1000,49.879949063633056,0.2
2025-01-24 21:16:09.573925,-0.37461844583125326,1000,49.879949063633056,0.2
2025-01-24 21:16:09.574925,-1.0222920361958945,1000,49.879949063633056,0.2
2025-01-24 21:16:09.575925,-1.1036492963059046,1000,49.879949063633056,0.2
2025-01-24 21:16:09.576925,-1.2061238381911437,1000,49.879949063633056,0.2
2025-01-24 21:16:09.577925,-1.038617145405742,1000,49.879949063633056,0.2
2025-01-24 21:16:09.578925,-0.5926724074343945,1000,49.879949063633056,0.2
2025-01-24 21:16:09.579925,-0.4914169599599757,1000,49.879949063633056,0.2
2025-01-24 21:16:09.580925,-0.7388128426644028,1000,49.879949063633056,0.2
2025-01-24 21:16:09.581925,-0.34182189393824547,1000,49.879949063633056,0.2
2025-01-24 21:16:09.582925,0.11269839805176779,1000,49.879949063633056,0.2
2025-01-24 21:16:09.583925,0.23949821341809624,1000,49.879949063633056,0.2
2025-01-24 21:16:09.584925,0.44617283002837127,1000,49.879949063633056,0.2
2025-01-24 21:16:09.585925,0.7523971910278482,1000,49.879949063633056,0.2
2025-01-24 21:16:09.586925,1.1088099379564793,1000,49.879949063633056,0.2
2025-01-24 21:16:09.587925,1.0114416870984406,1000,49.879949063633056,0.2
2025-01-24 21:16:09.588925,0.5366147515368829,1000,49.879949063633056,0.2
2025-01-24 21:16:09.589925,0.8860649720557167,1000,49.879949063633056,0.2
2025-01-24 21:16:09.590925,0.49335769129239504,1000,49.879949063633056,0.2
2025-01-24 21:16:09.591925,0.11351796513109763,1000,49.879949063633056,0.2
2025-01-24 21:16:09.592925,-0.18467357313546728,1000,49.879949063633056,0.2
2025-01-24 21:16:09.593925,-0.4202995888066555,1000,49.879949063633056,0.2
2025-01-24 21:16:09.594925,-0.6617352257771467,1000,49.879949063633056,0.2
2025-01-24 21:16:09.595925,-0.3453242269258694,1000,49.879949063633056,0.2
2025-01-24 21:16:09.596925,-0.7028014559200758,1000,49.879949063633056,0.2
2025-01-24 21:16:09.597925,-1.1035773363511558,1000,49.879949063633056,0.2
2025-01-24 21:16:09.598925,-0.7691619387550039,1000,49.879949063633056,0.2
2025-01-24 21:16:09.599925,-0.7973943503776096,1000,49.879949063633056,0.2
2025-01-24 21:16:09.600925,-0.6040022011354483,1000,49.879949063633056,0.2
2025-01-24 21:16:09.601925,-0.27118356916920316,1000,49.879949063633056,0.2
2025-01-24 21:16:09.602925,0.35210331669290446,1000,49.879949063633056,0.2
2025-01-24 21:16:09.603925,0.3731102898654078,1000,49.879949063633056,0.2
2025-01-24 21:16:09.604925,0.763875500675367,1000,49.879949063633056,0.2
2025-01-24 21:16:09.605925,0.776031550680901,1000,49.879949063633056,0.2
2025-01-24 21:16:09.606925,1.1074933470239547,1000,49.879949063633056,0.2
2025-01-24 21:16:09.607925,1.008193019479287,1000,49.879949063633056,0.2
2025-01-24 21:16:09.608925,0.951343713646298,1000,49.879949063633056,0.2
2025-01-24 21:16:09.609925,0.8193697736497887,1000,49.879949063633056,0.2
2025-01-24 21:16:09.610925,0.7794130040051541,1000,49.879949063633056,0.2
2025-01-24 21:16:09.611925,0.39387565962142873,1000,49.879949063633056,0.2
2025-01-24 21:16:09.612925,-0.3366451568585972,1000,49.879949063633056,0.2
2025-01-24 21:16:09.613925,-0.1966541072623061,1000,49.879949063633056,0.2
2025-01-24 21:16:09.614925,-0.6157248561292646,1000,49.879949063633056,0.2
2025-01-24 21:16:09.615925,-0.6884153779357272,1000,49.879949063633056,0.2
2025-01-24 21:16:09.616925,-0.8901192002809173,1000,49.879949063633056,0.2
2025-01-24 21:16:09.617925,-0.6071720568146252,1000,49.879949063633056,0.2
2025-01-24 21:16:09.618925,-0.6137493676248454,1000,49.879949063633056,0.2
2025-01-24 21:16:09.619925,-0.3469542973935043,1000,49.879949063633056,0.2
2025-01-24 21:16:09.620925,-0.6991569161652302,1000,49.879949063633056,0.2
2025-01-24 21:16:09.621925,-0.5618060640469533,1000,49.879949063633056,0.2
2025-01-24 21:16:09.622925,-0.27292671241427313,1000,49.879949063633056,0.2
2025-01-24 21:16:09.623925,0.9682603142277924,1000,49.879949063633056,0.2
2025-01-24 21:16:09.624925,0.5284181983925376,1000,49.879949063633056,0.2
2025-01-24 21:16:09.625925,0.765026462725076,1000,49.879949063633056,0.2
2025-01-24 21:16:09.626925,0.6632221247088363,1000,49.879949063633056,0.2
2025-01-24 21:16:09.627925,0.8900787109898483,1000,49.879949063633056,0.2
2025-01-24 21:16:09.628925,1.1773148756763878,1000,49.879949063633056,0.2
2025-01-24 21:16:09.629925,0.5922559798559031,1000,49.879949063633056,0.2
2025-01-24 21:16:09.630925,0.42493950851327233,1000,49.879949063633056,0.2
2025-01-24 21:16:09.631925,0.006273780350039254,1000,49.879949063633056,0.2
2025-01-24 21:16:09.632925,0.25477004090745925,1000,49.879949063633056,0.2
2025-01-24 21:16:09.633925,-0.319564475251031,1000,49.879949063633056,0.2
2025-01-24 21:16:09.634925,-0.567975381418158,1000,49.879949063633056,0.2
2025-01-24 21:16:09.635925,-0.6996737805304768,1000,49.879949063633056,0.2
2025-01-24 21:16:09.636925,-1.0476868509713273,1000,49.879949063633056,0.2
2025-01-24 21:16:09.637925,-1.0205043316746547,1000,49.879949063633056,0.2
2025-01-24 21:16:09.638925,-1.0116826810481476,1000,49.879949063633056,0.2
2025-01-24 21:16:09.639925,-0.4884283715565059,1000,49.879949063633056,0.2
2025-01-24 21:16:09.640925,-0.3582361016058293,1000,49.879949063633056,0.2
2025-01-24 21:16:09.641925,0.24476158677993815,1000,49.879949063633056,0.2
2025-01-24 21:16:09.642925,0.06925149250949661,1000,49.879949063633056,0.2
2025-01-24 21:16:09.643925,0.4315992616270661,1000,49.879949063633056,0.2
2025-01-24 21:16:09.644925,0.19576841875478335,1000,49.879949063633056,0.2
2025-01-24 21:16:09.645925,0.95787889042335,1000,49.879949063633056,0.2
2025-01-24 21:16:09.646925,0.983297138365137,1000,49.879949063633056,0.2
2025-01-24 21:16:09.647925,1.0575844198685616,1000,49.879949063633056,0.2
2025-01-24 21:16:09.648925,0.7798075408670126,1000,49.879949063633056,0.2
2025-01-24 21:16:09.649925,0.673980908642545,1000,49.879949063633056,0.2
2025-01-24 21:16:09.650925,0.5985807169695003,1000,49.879949063633056,0.2
2025-01-24 21:16:09.651925,0.18961455504456542,1000,49.879949063633056,0.2
2025-01-24 21:16:09.652925,-0.023181880840826778,1000,49.879949063633056,0.2
2025-01-24 21:16:09.653925,-0.14837172437833626,1000,49.879949063633056,0.2
2025-01-24 21:16:09.654925,-0.6003118303267422,1000,49.879949063633056,0.2
2025-01-24 21:16:09.655925,-0.7947821478835553,1000,49.879949063633056,0.2
2025-01-24 21:16:09.656925,-0.6819331860520941,1000,49.879949063633056,0.2
2025-01-24 21:16:09.657925,-0.9156651911016133,1000,49.879949063633056,0.2
2025-01-24 21:16:09.658925,-0.9436071241831878,1000,49.879949063633056,0.2
2025-01-24 21:16:09.659925,-0.5679270697984942,1000,49.879949063633056,0.2
2025-01-24 21:16:09.660925,-0.5231004490502614,1000,49.879949063633056,0.2
2025-01-24 21:16:09.661925,-0.2874001190576457,1000,49.879949063633056,0.2
2025-01-24 21:16:09.662925,0.3309480288933796,1000,49.879949063633056,0.2
2025-01-24 21:16:09.663925,0.19426233616942534,1000,49.879949063633056,0.2
2025-01-24 21:16:09.664925,0.5401125345168666,1000,49.879949063633056,0.2
2025-01-24 21:16:09.665925,0.8966402329939722,1000,49.879949063633056,0.2
2025-01-24 21:16:09.666925,0.9721157914397178,1000,49.879949063633056,0.2
2025-01-24 21:16:09.667925,0.8122432254258275,1000,49.879949063633056,0.2
2025-01-24 21:16:09.668925,0.7756114076544655,1000,49.879949063633056,0.2
2025-01-24 21:16:09.669925,0.5685899040948095,1000,49.879949063633056,0.2
2025-01-24 21:16:09.670925,0.32519100669022283,1000,49.879949063633056,0.2
2025-01-24 21:16:09.671925,0.08773703868153776,1000,49.879949063633056,0.2
2025-01-24 21:16:09.672925,-0.057186771489771415,1000,49.879949063633056,0.2
2025-01-24 21:16:09.673925,-0.25701324104993917,1000,49.879949063633056,0.2
2025-01-24 21:16:09.674925,-0.48688552171072563,1000,49.879949063633056,0.2
2025-01-24 21:16:09.675925,-0.7644495049106581,1000,49.879949063633056,0.2
2025-01-24 21:16:09.676925,-1.0510183820682133,1000,49.879949063633056,0.2
2025-01-24 21:16:09.677925,-1.118972300599703,1000,49.879949063633056,0.2
2025-01-24 21:16:09.678925,-1.0877140889808476,1000,49.879949063633056,0.2
2025-01-24 21:16:09.679925,-0.8147319940518615,1000,49.879949063633056,0.2
2025-01-24 21:16:09.680925,-0.048596271668735314,1000,49.879949063633056,0.2
2025-01-24 21:16:09.681925,-0.17252236836957663,1000,49.879949063633056,0.2
2025-01-24 21:16:09.682925,-0.22403899433456195,1000,49.879949063633056,0.2
2025-01-24 21:16:09.683925,0.04450992995068137,1000,49.879949063633056,0.2
2025-01-24 21:16:09.684925,0.5018139983248373,1000,49.879949063633056,0.2
2025-01-24 21:16:09.685925,0.7146842138144167,1000,49.879949063633056,0.2
2025-01-24 21:16:09.686925,0.8765242204869987,1000,49.879949063633056,0.2
2025-01-24 21:16:09.687925,1.1874045318396516,1000,49.879949063633056,0.2
2025-01-24 21:16:09.688925,0.9941152399230633,1000,49.879949063633056,0.2
2025-01-24 21:16:09.689925,0.620338244100546,1000,49.879949063633056,0.2
2025-01-24 21:16:09.690925,0.4837683314305411,1000,49.879949063633056,0.2
2025-01-24 21:16:09.691925,0.13010539438973384,1000,49.879949063633056,0.2
2025-01-24 21:16:09.692925,-0.13933560889899665,1000,49.879949063633056,0.2
2025-01-24 21:16:09.693925,-0.6350832017467014,1000,49.879949063633056,0.2
2025-01-24 21:16:09.694925,-0.361687717616058,1000,49.879949063633056,0.2
2025-01-24 21:16:09.695925,-0.5951832502280261,1000,49.879949063633056,0.2
2025-01-24 21:16:09.696925,-1.1317327298287139,1000,49.879949063633056,0.2
2025-01-24 21:16:09.697925,-0.8848288159055356,1000,49.879949063633056,0.2
2025-01-24 21:16:09.698925,-1.0829407742602568,1000,49.879949063633056,0.2
2025-01-24 21:16:09.699925,-0.7089472590905058,1000,49.879949063633056,0.2
2025-01-24 21:16:09.700925,-0.34768262267446726,1000,49.879949063633056,0.2
2025-01-24 21:16:09.701925,-0.2876534960778059,1000,49.879949063633056,0.2
2025-01-24 21:16:09.702925,-0.07128668663122872,1000,49.879949063633056,0.2
2025-01-24 21:16:09.703925,0.27306280165277563,1000,49.879949063633056,0.2
2025-01-24 21:16:09.704925,0.5279970445742217,1000,49.879949063633056,0.2
2025-01-24 21:16:09.705925,0.48166372167268595,1000,49.879949063633056,0.2
2025-01-24 21:16:09.706925,1.3970447546530669,1000,49.879949063633056,0.2
2025-01-24 21:16:09.707925,0.9424747935997192,1000,49.879949063633056,0.2
2025-01-24 21:16:09.708925,0.8234447153802498,1000,49.879949063633056,0.2
2025-01-24 21:16:09.709925,0.5825994554450227,1000,49.879949063633056,0.2
2025-01-24 21:16:09.710925,0.7414918156369921,1000,49.879949063633056,0.2
2025-01-24 21:16:09.711925,0.16955030214422712,1000,49.879949063633056,0.2
2025-01-24 21:16:09.712925,-0.3769611345633768,1000,49.879949063633056,0.2
2025-01-24 21:16:09.713925,-0.5853329947909436,1000,49.879949063633056,0.2
2025-01-24 21:16:09.714925,-0.2091316932941969,1000,49.879949063633056,0.2
2025-01-24 21:16:09.715925,-0.7981189410966427,1000,49.879949063633056,0.2
2025-01-24 21:16:09.716925,-0.832049093879218,1000,49.879949063633056,0.2
2025-01-24 21:16:09.717925,-0.9207539363146545,1000,49.879949063633056,0.2
2025-01-24 21:16:09.718925,-0.907118905590344,1000,49.879949063633056,0.2
2025-01-24 21:16:09.719925,-0.6902474564110775,1000,49.879949063633056,0.2
2025-01-24 21:16:09.720925,-0.3117648272522547,1000,49.879949063633056,0.2
2025-01-24 21:16:09.721925,-0.08104963322368519,1000,49.879949063633056,0.2
2025-01-24 21:16:09.722925,-0.23716844138084822,1000,49.879949063633056,0.2
2025-01-24 21:16:09.723925,0.290688723278331,1000,49.879949063633056,0.2
2025-01-24 21:16:09.724925,0.22342994469240474,1000,49.879949063633056,0.2
2025-01-24 21:16:09.725925,0.8443269819991931,1000,49.879949063633056,0.2
2025-01-24 21:16:09.726925,1.2182945331825734,1000,49.879949063633056,0.2
2025-01-24 21:16:09.727925,1.0960406695871034,1000,49.879949063633056,0.2
2025-01-24 21:16:09.728925,0.6300735981850785,1000,49.879949063633056,0.2
2025-01-24 21:16:09.729925,0.9498236701407614,1000,49.879949063633056,0.2
2025-01-24 21:16:09.730925,0.7634619767407684,1000,49.879949063633056,0.2
2025-01-24 21:16:09.731925,0.3845296049449794,1000,49.879949063633056,0.2
2025-01-24 21:16:09.732925,0.01512800162814222,1000,49.879949063633056,0.2
2025-01-24 21:16:09.733925,0.02149640529698449,1000,49.879949063633056,0.2
2025-01-24 21:16:09.734925,-0.2954662233801341,1000,49.879949063633056,0.2
2025-01-24 21:16:09.735925,-0.8654793703862576,1000,49.879949063633056,0.2
2025-01-24 21:16:09.736925,-0.513826406580493,1000,49.879949063633056,0.2
2025-01-24 21:16:09.737925,-0.9619783940399117,1000,49.879949063633056,0.2
2025-01-24 21:16:09.738925,-0.7044852543536785,1000,49.879949063633056,0.2
2025-01-24 21:16:09.739925,-0.6353167815896854,1000,49.879949063633056,0.2
2025-01-24 21:16:09.740925,-0.3293090018489002,1000,49.879949063633056,0.2
2025-01-24 21:16:09.741925,-0.43056734115787026,1000,49.879949063633056,0.2
2025-01-24 21:16:09.742925,-0.012776190570788095,1000,49.879949063633056,0.2
2025-01-24 21:16:09.743925,0.13952243005491435,1000,49.879949063633056,0.2
2025-01-24 21:16:09.744925,0.6572900703695744,1000,49.879949063633056,0.2
2025-01-24 21:16:09.745925,0.5244762551169009,1000,49.879949063633056,0.2
2025-01-24 21:16:09.746925,1.0300269057619322,1000,49.879949063633056,0.2
2025-01-24 21:16:09.747925,1.2530867288883663,1000,49.879949063633056,0.2
2025-01-24 21:16:09.748925,1.2160089254186734,1000,49.879949063633056,0.2
2025-01-24 21:16:09.749925,0.45886714916275784,1000,49.879949063633056,0.2
2025-01-24 21:16:09.750925,0.6163754884180915,1000,49.879949063633056,0.2
2025-01-24 21:16:09.751925,0.31803224931088836,1000,49.879949063633056,0.2
2025-01-24 21:16:09.752925,-0.10599713722098046,1000,49.879949063633056,0.2
2025-01-24 21:16:09.753925,-0.24140883578925848,1000,49.879949063633056,0.2
2025-01-24 21:16:09.754925,-0.43161560076352246,1000,49.879949063633056,0.2
2025-01-24 21:16:09.755925,-0.41304023960118846,1000,49.879949063633056,0.2
2025-01-24 21:16:09.756925,-0.8063666094127703,1000,49.879949063633056,0.2
2025-01-24 21:16:09.757925,-1.0067789453018738,1000,49.879949063633056,0.2
2025-01-24 21:16:09.758925,-0.7267414034622881,1000,49.879949063633056,0.2
2025-01-24 21:16:09.759925,-0.9633262915591425,1000,49.879949063633056,0.2
2025-01-24 21:16:09.760925,-0.7782097507153289,1000,49.879949063633056,0.2
2025-01-24 21:16:09.761925,-0.3625625816824419,1000,49.879949063633056,0.2
2025-01-24 21:16:09.762925,-0.12091327196729237,1000,49.879949063633056,0.2
2025-01-24 21:16:09.763925,0.18264992306944472,1000,49.879949063633056,0.2
2025-01-24 21:16:09.764925,0.7508132593612138,1000,49.879949063633056,0.2
2025-01-24 21:16:09.765925,0.955191213433779,1000,49.879949063633056,0.2
2025-01-24 21:16:09.766925,0.8712631260450038,1000,49.879949063633056,0.2
2025-01-24 21:16:09.767925,0.8833843757638996,1000,49.879949063633056,0.2
2025-01-24 21:16:09.768925,0.9766860814440205,1000,49.879949063633056,0.2
2025-01-24 21:16:09.769925,0.6618848765592498,1000,49.879949063633056,0.2
2025-01-24 21:16:09.770925,0.5154098644301828,1000,49.879949063633056,0.2
2025-01-24 21:16:09.771925,0.4254924377215131,1000,49.879949063633056,0.2
2025-01-24 21:16:09.772925,-0.04528374759841507,1000,49.879949063633056,0.2
2025-01-24 21:16:09.773925,-0.2311641158977722,1000,49.879949063633056,0.2
2025-01-24 21:16:09.774925,-0.7566657339499049,1000,49.879949063633056,0.2
2025-01-24 21:16:09.775925,-0.7243909000162393,1000,49.879949063633056,0.2
2025-01-24 21:16:09.776925,-0.6299229074578664,1000,49.879949063633056,0.2
2025-01-24 21:16:09.777925,-0.8019482204290098,1000,49.879949063633056,0.2
2025-01-24 21:16:09.778925,-0.8121945079512856,1000,49.879949063633056,0.2
2025-01-24 21:16:09.779925,-0.7687390556964427,1000,49.879949063633056,0.2
2025-01-24 21:16:09.780925,-0.6599036761484229,1000,49.879949063633056,0.2
2025-01-24 21:16:09.781925,-0.41433493962137224,1000,49.879949063633056,0.2
2025-01-24 21:16:09.782925,-0.2046255893693607,1000,49.879949063633056,0.2
2025-01-24 21:16:09.783925,0.2777479625969523,1000,49.879949063633056,0.2
2025-01-24 21:16:09.784925,0.35036046644888086,1000,49.879949063633056,0.2
2025-01-24 21:16:09.785925,0.9975696484510325,1000,49.879949063633056,0.2
2025-01-24 21:16:09.786925,0.9779736763115641,1000,49.879949063633056,0.2
2025-01-24 21:16:09.787925,0.8952245410902148,1000,49.879949063633056,0.2
2025-01-24 21:16:09.788925,1.1433352220314066,1000,49.879949063633056,0.2
2025-01-24 21:16:09.789925,0.7254782599478675,1000,49.879949063633056,0.2
2025-01-24 21:16:09.790925,0.6880852250063976,1000,49.879949063633056,0.2
2025-01-24 21:16:09.791925,0.7793313877325756,1000,49.879949063633056,0.2
2025-01-24 21:16:09.792925,-0.03940566668436721,1000,49.879949063633056,0.2
2025-01-24 21:16:09.793925,-0.1748624826441073,1000,49.879949063633056,0.2
2025-01-24 21:16:09.794925,-0.6915371160206342,1000,49.879949063633056,0.2
2025-01-24 21:16:09.795925,-0.7036341558830304,1000,49.879949063633056,0.2
2025-01-24 21:16:09.796925,-0.7718493987182252,1000,49.879949063633056,0.2
2025-01-24 21:16:09.797925,-0.9886332700851318,1000,49.879949063633056,0.2
2025-01-24 21:16:09.798925,-1.3737042045192827,1000,49.879949063633056,0.2
2025-01-24 21:16:09.799925,-0.6144256564566537,1000,49.879949063633056,0.2
2025-01-24 21:16:09.800925,-0.5610425107700585,1000,49.879949063633056,0.2
2025-01-24 21:16:09.801925,-0.44827175457551577,1000,49.879949063633056,0.2
2025-01-24 21:16:09.802925,0.014095997765159608,1000,49.879949063633056,0.2
2025-01-24 21:16:09.803925,-0.059590511180422134,1000,49.879949063633056,0.2
2025-01-24 21:16:09.804925,0.5305366380413542,1000,49.879949063633056,0.2
2025-01-24 21:16:09.805925,0.859846113074465,1000,49.879949063633056,0.2
2025-01-24 21:16:09.806925,1.127081154634073,1000,49.879949063633056,0.2
2025-01-24 21:16:09.807925,1.1051131221284223,1000,49.879949063633056,0.2
2025-01-24 21:16:09.808925,1.1360681320629147,1000,49.879949063633056,0.2
2025-01-24 21:16:09.809925,1.0460484121568494,1000,49.879949063633056,0.2
2025-01-24 21:16:09.810925,0.8161860643789127,1000,49.879949063633056,0.2
2025-01-24 21:16:09.811925,0.46904010397875695,1000,49.879949063633056,0.2
2025-01-24 21:16:09.812925,-0.03205958107658075,1000,49.879949063633056,0.2
2025-01-24 21:16:09.813925,-0.15306319520483863,1000,49.879949063633056,0.2
2025-01-24 21:16:09.814925,-0.4858511537941046,1000,49.879949063633056,0.2
2025-01-24 21:16:09.815925,-0.634448784396049,1000,49.879949063633056,0.2
2025-01-24 21:16:09.816925,-0.9691150585931132,1000,49.879949063633056,0.2
2025-01-24 21:16:09.817925,-1.0573575380830442,1000,49.879949063633056,0.2
2025-01-24 21:16:09.818925,-0.9992565381711691,1000,49.879949063633056,0.2
2025-01-24 21:16:09.819925,-0.8986740225813181,1000,49.879949063633056,0.2
2025-01-24 21:16:09.820925,-0.48217659068058194,1000,49.879949063633056,0.2
2025-01-24 21:16:09.821925,-0.4967821904816916,1000,49.879949063633056,0.2
2025-01-24 21:16:09.822925,-0.22521440305718743,1000,49.879949063633056,0.2
2025-01-24 21:16:09.823925,0.3718677570743549,1000,49.879949063633056,0.2
2025-01-24 21:16:09.824925,0.5425471192603615,1000,49.879949063633056,0.2
2025-01-24 21:16:09.825925,0.8385108196288793,1000,49.879949063633056,0.2
2025-01-24 21:16:09.826925,0.8881075117523335,1000,49.879949063633056,0.2
2025-01-24 21:16:09.827925,1.243090669683614,1000,49.879949063633056,0.2
2025-01-24 21:16:09.828925,0.9482159106448873,1000,49.879949063633056,0.2
2025-01-24 21:16:09.829925,1.0279641309531806,1000,49.879949063633056,0.2
2025-01-24 21:16:09.830925,0.44712176797796355,1000,49.879949063633056,0.2
2025-01-24 21:16:09.831925,0.2637482927290804,1000,49.879949063633056,0.2
2025-01-24 21:16:09.832925,-0.29133119666725993,1000,49.879949063633056,0.2
2025-01-24 21:16:09.833925,-0.6721465489500922,1000,49.879949063633056,0.2
2025-01-24 21:16:09.834925,-0.6673777916991617,1000,49.879949063633056,0.2
2025-01-24 21:16:09.835925,-0.6872137614321965,1000,49.879949063633056,0.2
2025-01-24 21:16:09.836925,-0.5697057972348477,1000,49.879949063633056,0.2
2025-01-24 21:16:09.837925,-1.248509747919807,1000,49.879949063633056,0.2
2025-01-24 21:16:09.838925,-1.3164000089166792,1000,49.879949063633056,0.2
2025-01-24 21:16:09.839925,-0.8934744504682275,1000,49.879949063633056,0.2
2025-01-24 21:16:09.840925,-0.648628121730716,1000,49.879949063633056,0.2
2025-01-24 21:16:09.841925,-0.41527463944498205,1000,49.879949063633056,0.2
2025-01-24 21:16:09.842925,0.035687268420581425,1000,49.879949063633056,0.2
2025-01-24 21:16:09.843925,0.22184126260195192,1000,49.879949063633056,0.2
2025-01-24 21:16:09.844925,0.5489658927516438,1000,49.879949063633056,0.2
2025-01-24 21:16:09.845925,0.7838106272033523,1000,49.879949063633056,0.2
2025-01-24 21:16:09.846925,0.4680584869637107,1000,49.879949063633056,0.2
2025-01-24 21:16:09.847925,0.9620999372924723,1000,49.879949063633056,0.2
2025-01-24 21:16:09.848925,1.3330239288826795,1000,49.879949063633056,0.2
2025-01-24 21:16:09.849925,0.9456084225111976,1000,49.879949063633056,0.2
2025-01-24 21:16:09.850925,0.5333162148901628,1000,49.879949063633056,0.2
2025-01-24 21:16:09.851925,0.5203547625116824,1000,49.879949063633056,0.2
2025-01-24 21:16:09.852925,-0.07760848107789575,1000,49.879949063633056,0.2
2025-01-24 21:16:09.853925,-0.27493364033387413,1000,49.879949063633056,0.2
2025-01-24 21:16:09.854925,-0.522002463606514,1000,49.879949063633056,0.2
2025-01-24 21:16:09.855925,-0.7009165903450306,1000,49.879949063633056,0.2
2025-01-24 21:16:09.856925,-0.8593718863946151,1000,49.879949063633056,0.2
2025-01-24 21:16:09.857925,-0.9655980068888202,1000,49.879949063633056,0.2
2025-01-24 21:16:09.858925,-1.1910413511036477,1000,49.879949063633056,0.2
2025-01-24 21:16:09.859925,-0.7970076116221829,1000,49.879949063633056,0.2
2025-01-24 21:16:09.860925,-0.45549737169614907,1000,49.879949063633056,0.2
2025-01-24 21:16:09.861925,-0.20335932626973913,1000,49.879949063633056,0.2
2025-01-24 21:16:09.862925,-0.4202593986591659,1000,49.879949063633056,0.2
2025-01-24 21:16:09.863925,0.6209406663485098,1000,49.879949063633056,0.2
2025-01-24 21:16:09.864925,0.14167921945344014,1000,49.879949063633056,0.2
2025-01-24 21:16:09.865925,0.9851283737736047,1000,49.879949063633056,0.2
2025-01-24 21:16:09.866925,1.0387258405254638,1000,49.879949063633056,0.2
2025-01-24 21:16:09.867925,0.7735383248197198,1000,49.879949063633056,0.2
2025-01-24 21:16:09.868925,1.156226382681701,1000,49.879949063633056,0.2
2025-01-24 21:16:09.869925,0.9462605822433131,1000,49.879949063633056,0.2
2025-01-24 21:16:09.870925,0.30958099587742893,1000,49.879949063633056,0.2
2025-01-24 21:16:09.871925,0.569967901644674,1000,49.879949063633056,0.2
2025-01-24 21:16:09.872925,-0.2854212192230116,1000,49.879949063633056,0.2
2025-01-24 21:16:09.873925,-0.7740638232821173,1000,49.879949063633056,0.2
2025-01-24 21:16:09.874925,-1.1120240271395192,1000,49.879949063633056,0.2
2025-01-24 21:16:09.875925,-0.8705947798327499,1000,49.879949063633056,0.2
2025-01-24 21:16:09.876925,-0.8666757197596061,1000,49.879949063633056,0.2
2025-01-24 21:16:09.877925,-1.2461504736121636,1000,49.879949063633056,0.2
2025-01-24 21:16:09.878925,-0.5952262341813157,1000,49.879949063633056,0.2
2025-01-24 21:16:09.879925,-0.6746780127834471,1000,49.879949063633056,0.2
2025-01-24 21:16:09.880925,-0.41112348055969905,1000,49.879949063633056,0.2
2025-01-24 21:16:09.881925,-0.19337457568623406,1000,49.879949063633056,0.2
2025-01-24 21:16:09.882925,-0.16611543966290682,1000,49.879949063633056,0.2
2025-01-24 21:16:09.883925,-0.0009992357077204805,1000,49.879949063633056,0.2
2025-01-24 21:16:09.884925,0.5128615728563729,1000,49.879949063633056,0.2
2025-01-24 21:16:09.885925,0.6419344582434723,1000,49.879949063633056,0.2
2025-01-24 21:16:09.886925,0.3863417964609597,1000,49.879949063633056,0.2
2025-01-24 21:16:09.887925,0.7968066180991891,1000,49.879949063633056,0.2
2025-01-24 21:16:09.888925,1.002316084326501,1000,49.879949063633056,0.2
2025-01-24 21:16:09.889925,1.2320797946033186,1000,49.879949063633056,0.2
2025-01-24 21:16:09.890925,0.6816106414314154,1000,49.879949063633056,0.2
2025-01-24 21:16:09.891925,0.2741627803715142,1000,49.879949063633056,0.2
2025-01-24 21:16:09.892925,0.43829150639476167,1000,49.879949063633056,0.2
2025-01-24 21:16:09.893925,-0.14914308251588695,1000,49.879949063633056,0.2
2025-01-24 21:16:09.894925,-0.6757874870970683,1000,49.879949063633056,0.2
2025-01-24 21:16:09.895925,-0.8554837979368157,1000,49.879949063633056,0.2
2025-01-24 21:16:09.896925,-0.90681999865491,1000,49.879949063633056,0.2
2025-01-24 21:16:09.897925,-1.064760861999966,1000,49.879949063633056,0.2
2025-01-24 21:16:09.898925,-1.1969882223630266,1000,49.879949063633056,0.2
2025-01-24 21:16:09.899925,-0.9118970503596638,1000,49.879949063633056,0.2
2025-01-24 21:16:09.900925,-0.6126138175838947,1000,49.879949063633056,0.2
2025-01-24 21:16:09.901925,-0.5036384721531524,1000,49.879949063633056,0.2
2025-01-24 21:16:09.902925,-0.635942843186587,1000,49.879949063633056,0.2
2025-01-24 21:16:09.903925,0.1776676490138504,1000,49.879949063633056,0.2
2025-01-24 21:16:09.904925,0.13694556959028553,1000,49.879949063633056,0.2
2025-01-24 21:16:09.905925,0.994248878399908,1000,49.879949063633056,0.2
2025-01-24 21:16:09.906925,0.7474705080830631,1000,49.879949063633056,0.2
2025-01-24 21:16:09.907925,1.0568536907027102,1000,49.879949063633056,0.2
2025-01-24 21:16:09.908925,0.7937060733247666,1000,49.879949063633056,0.2
2025-01-24 21:16:09.909925,0.7722778896675354,1000,49.879949063633056,0.2
2025-01-24 21:16:09.910925,0.6744101043640897,1000,49.879949063633056,0.2
2025-01-24 21:16:09.911925,0.5141438735202336,1000,49.879949063633056,0.2
2025-01-24 21:16:09.912925,0.3134723450795428,1000,49.879949063633056,0.2
2025-01-24 21:16:09.913925,-0.27835012903748396,1000,49.879949063633056,0.2
2025-01-24 21:16:09.914925,-0.45155118563550173,1000,49.879949063633056,0.2
2025-01-24 21:16:09.915925,-0.8147596277546838,1000,49.879949063633056,0.2
2025-01-24 21:16:09.916925,-0.6171364418578582,1000,49.879949063633056,0.2
2025-01-24 21:16:09.917925,-1.2006138562761803,1000,49.879949063633056,0.2
2025-01-24 21:16:09.918925,-1.1313793731142918,1000,49.879949063633056,0.2
2025-01-24 21:16:09.919925,-1.054915103163667,1000,49.879949063633056,0.2
2025-01-24 21:16:09.920925,-0.8787905331905238,1000,49.879949063633056,0.2
2025-01-24 21:16:09.921925,-0.48831174839194463,1000,49.879949063633056,0.2
2025-01-24 21:16:09.922925,-0.3847616031436537,1000,49.879949063633056,0.2
2025-01-24 21:16:09.923925,0.20149182723423487,1000,49.879949063633056,0.2
2025-01-24 21:16:09.924925,0.46386467777490514,1000,49.879949063633056,0.2
2025-01-24 21:16:09.925925,0.8349514163135419,1000,49.879949063633056,0.2
2025-01-24 21:16:09.926925,0.7359533434493972,1000,49.879949063633056,0.2
2025-01-24 21:16:09.927925,1.145512664797177,1000,49.879949063633056,0.2
2025-01-24 21:16:09.928925,0.8405927430877309,1000,49.879949063633056,0.2
2025-01-24 21:16:09.929925,0.8691781791156045,1000,49.879949063633056,0.2
2025-01-24 21:16:09.930925,0.9225199315504751,1000,49.879949063633056,0.2
2025-01-24 21:16:09.931925,0.6367984750825875,1000,49.879949063633056,0.2
2025-01-24 21:16:09.932925,0.2417296826289635,1000,49.879949063633056,0.2
2025-01-24 21:16:09.933925,-0.2758259664763872,1000,49.879949063633056,0.2
2025-01-24 21:16:09.934925,-0.6933661937885524,1000,49.879949063633056,0.2
2025-01-24 21:16:09.935925,-0.7237609362002547,1000,49.879949063633056,0.2
2025-01-24 21:16:09.936925,-0.9914789593932032,1000,49.879949063633056,0.2
2025-01-24 21:16:09.937925,-0.7862409148430984,1000,49.879949063633056,0.2
2025-01-24 21:16:09.938925,-1.2831718922812942,1000,49.879949063633056,0.2
2025-01-24 21:16:09.939925,-0.4612578049068636,1000,49.879949063633056,0.2
2025-01-24 21:16:09.940925,-0.6979447827208346,1000,49.879949063633056,0.2
2025-01-24 21:16:09.941925,-0.7065089794897248,1000,49.879949063633056,0.2
2025-01-24 21:16:09.942925,-0.757207020952891,1000,49.879949063633056,0.2
2025-01-24 21:16:09.943925,-0.0024746718169378346,1000,49.879949063633056,0.2
2025-01-24 21:16:09.944925,0.46185144452825505,1000,49.879949063633056,0.2
2025-01-24 21:16:09.945925,0.8070887831108953,1000,49.879949063633056,0.2
2025-01-24 21:16:09.946925,1.1134877768660165,1000,49.879949063633056,0.2
2025-01-24 21:16:09.947925,0.9490099548083115,1000,49.879949063633056,0.2
2025-01-24 21:16:09.948925,1.0119480698817054,1000,49.879949063633056,0.2
2025-01-24 21:16:09.949925,0.9157386270577864,1000,49.879949063633056,0.2
2025-01-24 21:16:09.950925,0.6049078473385155,1000,49.879949063633056,0.2
2025-01-24 21:16:09.951925,0.32362362715681514,1000,49.879949063633056,0.2
2025-01-24 21:16:09.952925,0.08374353637345994,1000,49.879949063633056,0.2
2025-01-24 21:16:09.953925,0.012350344224592053,1000,49.879949063633056,0.2
2025-01-24 21:16:09.954925,-0.17728273856333265,1000,49.879949063633056,0.2
2025-01-24 21:16:09.955925,-0.7367851922604827,1000,49.879949063633056,0.2
2025-01-24 21:16:09.956925,-0.7123536374908469,1000,49.879949063633056,0.2
2025-01-24 21:16:09.957925,-1.1452836900500887,1000,49.879949063633056,0.2
2025-01-24 21:16:09.958925,-0.8970561537174652,1000,49.879949063633056,0.2
2025-01-24 21:16:09.959925,-0.8312233873033882,1000,49.879949063633056,0.2
2025-01-24 21:16:09.960925,-1.0721603638733268,1000,49.879949063633056,0.2
2025-01-24 21:16:09.961925,-0.4386711452474408,1000,49.879949063633056,0.2
2025-01-24 21:16:09.962925,-0.2497725120871782,1000,49.879949063633056,0.2
2025-01-24 21:16:09.963925,0.12982207442562055,1000,49.879949063633056,0.2
2025-01-24 21:16:09.964925,0.7605802487200252,1000,49.879949063633056,0.2
2025-01-24 21:16:09.965925,0.8359133833536803,1000,49.879949063633056,0.2
2025-01-24 21:16:09.966925,1.0750571402880904,1000,49.879949063633056,0.2
2025-01-24 21:16:09.967925,0.9837966410519436,1000,49.879949063633056,0.2
2025-01-24 21:16:09.968925,1.0006829307008913,1000,49.879949063633056,0.2
2025-01-24 21:16:09.969925,0.6265840090509938,1000,49.879949063633056,0.2
2025-01-24 21:16:09.970925,0.9220049793818871,1000,49.879949063633056,0.2
2025-01-24 21:16:09.971925,0.391248740025378,1000,49.879949063633056,0.2
2025-01-24 21:16:09.972925,0.4250337864589784,1000,49.879949063633056,0.2
2025-01-24 21:16:09.973925,-0.07302519359197115,1000,49.879949063633056,0.2
2025-01-24 21:16:09.974925,-0.8459679119588893,1000,49.879949063633056,0.2
2025-01-24 21:16:09.975925,-0.7325702043324757,1000,49.879949063633056,0.2
2025-01-24 21:16:09.976925,-1.0223612262550807,1000,49.879949063633056,0.2
2025-01-24 21:16:09.977925,-0.6263854429589055,1000,49.879949063633056,0.2
2025-01-24 21:16:09.978925,-1.0415109557282503,1000,49.879949063633056,0.2
2025-01-24 21:16:09.979925,-0.6950080419977709,1000,49.879949063633056,0.2
2025-01-24 21:16:09.980925,-0.6096311637483944,1000,49.879949063633056,0.2
2025-01-24 21:16:09.981925,-0.546889174594668,1000,49.879949063633056,0.2
2025-01-24 21:16:09.982925,-0.26754453705561176,1000,49.879949063633056,0.2
2025-01-24 21:16:09.983925,-0.12130981562077284,1000,49.879949063633056,0.2
2025-01-24 21:16:09.984925,0.19541620581688007,1000,49.879949063633056,0.2
2025-01-24 21:16:09.985925,0.7453308357830594,1000,49.879949063633056,0.2
2025-01-24 21:16:09.986925,1.3322323706261634,1000,49.879949063633056,0.2
2025-01-24 21:16:09.987925,0.9838863074688141,1000,49.879949063633056,0.2
2025-01-24 21:16:09.988925,1.4520632161218219,1000,49.879949063633056,0.2
2025-01-24 21:16:09.989925,0.8917524597359986,1000,49.879949063633056,0.2
2025-01-24 21:16:09.990925,0.7287744801996116,1000,49.879949063633056,0.2
2025-01-24 21:16:09.991925,0.49163643596825,1000,49.879949063633056,0.2
2025-01-24 21:16:09.992925,0.07698211674499414,1000,49.879949063633056,0.2
2025-01-24 21:16:09.993925,-0.12305075494230999,1000,49.879949063633056,0.2
2025-01-24 21:16:09.994925,-0.6773184200587732,1000,49.879949063633056,0.2
2025-01-24 21:16:09.995925,-0.934713069802737,1000,49.879949063633056,0.2
2025-01-24 21:16:09.996925,-0.9358644177584263,1000,49.879949063633056,0.2
2025-01-24 21:16:09.997925,-1.181089145100223,1000,49.879949063633056,0.2
2025-01-24 21:16:09.998925,-0.40719453690825125,1000,49.879949063633056,0.2
2025-01-24 21:16:09.999925,-0.9314651673787107,1000,49.879949063633056,0.2
2025-01-24 21:16:10.000925,-0.8964384085080185,1000,49.879949063633056,0.2
2025-01-24 21:16:10.001925,-0.4206688581922957,1000,49.879949063633056,0.2
2025-01-24 21:16:10.002925,0.20128979683163242,1000,49.879949063633056,0.2
2025-01-24 21:16:10.003925,-0.06662889156127913,1000,49.879949063633056,0.2
2025-01-24 21:16:10.004925,0.2334791338329093,1000,49.879949063633056,0.2
2025-01-24 21:16:10.005925,0.5536191754561809,1000,49.879949063633056,0.2
2025-01-24 21:16:10.006925,0.9899140725071452,1000,49.879949063633056,0.2
2025-01-24 21:16:10.007925,0.8391413408866951,1000,49.879949063633056,0.2
2025-01-24 21:16:10.008925,1.1068100937405894,1000,49.879949063633056,0.2
2025-01-24 21:16:10.009925,0.8592466356608567,1000,49.879949063633056,0.2
2025-01-24 21:16:10.010925,0.5963034296608843,1000,49.879949063633056,0.2
2025-01-24 21:16:10.011925,0.41014013864812304,1000,49.879949063633056,0.2
2025-01-24 21:16:10.012925,0.21346827278892846,1000,49.879949063633056,0.2
2025-01-24 21:16:10.013925,-0.43038002241641976,1000,49.879949063633056,0.2
2025-01-24 21:16:10.014925,-0.11084802455624254,1000,49.879949063633056,0.2
2025-01-24 21:16:10.015925,-0.5133407489051944,1000,49.879949063633056,0.2
2025-01-24 21:16:10.016925,-0.6520413201522841,1000,49.879949063633056,0.2
2025-01-24 21:16:10.017925,-0.5468236793542849,1000,49.879949063633056,0.2
2025-01-24 21:16:10.018925,-1.0847999472342476,1000,49.879949063633056,0.2
2025-01-24 21:16:10.019925,-0.877085800297804,1000,49.879949063633056,0.2
2025-01-24 21:16:10.020925,-0.8392882797334668,1000,49.879949063633056,0.2
2025-01-24 21:16:10.021925,-0.21695760840884404,1000,49.879949063633056,0.2
2025-01-24 21:16:10.022925,-0.30836298902387194,1000,49.879949063633056,0.2
2025-01-24 21:16:10.023925,0.20425197856658794,1000,49.879949063633056,0.2
2025-01-24 21:16:10.024925,0.44089211621142743,1000,49.879949063633056,0.2
2025-01-24 21:16:10.025925,0.8594699407051662,1000,49.879949063633056,0.2
2025-01-24 21:16:10.026925,1.148949323700928,1000,49.879949063633056,0.2
2025-01-24 21:16:10.027925,0.9376559785990345,1000,49.879949063633056,0.2
2025-01-24 21:16:10.028925,1.386436064475064,1000,49.879949063633056,0.2
2025-01-24 21:16:10.029925,0.7753858144833649,1000,49.879949063633056,0.2
2025-01-24 21:16:10.030925,0.6979269501407027,1000,49.879949063633056,0.2
2025-01-24 21:16:10.031925,0.3341361786567981,1000,49.879949063633056,0.2
2025-01-24 21:16:10.032925,-0.05514447955205973,1000,49.879949063633056,0.2
2025-01-24 21:16:10.033925,-0.11445035070046314,1000,49.879949063633056,0.2
2025-01-24 21:16:10.034925,-0.36058140127010163,1000,49.879949063633056,0.2
2025-01-24 21:16:10.035925,-0.7224666165103472,1000,49.879949063633056,0.2
2025-01-24 21:16:10.036925,-1.3245022374421058,1000,49.879949063633056,0.2
2025-01-24 21:16:10.037925,-0.9320629715904983,1000,49.879949063633056,0.2
2025-01-24 21:16:10.038925,-0.9487109064606276,1000,49.879949063633056,0.2
2025-01-24 21:16:10.039925,-1.0396999827996636,1000,49.879949063633056,0.2
2025-01-24 21:16:10.040925,-1.0012419152999654,1000,49.879949063633056,0.2
2025-01-24 21:16:10.041925,-0.46834072952892397,1000,49.879949063633056,0.2
2025-01-24 21:16:10.042925,-0.6069800852984686,1000,49.879949063633056,0.2
2025-01-24 21:16:10.043925,0.06838905870151628,1000,49.879949063633056,0.2
2025-01-24 21:16:10.044925,0.45533662042108225,1000,49.879949063633056,0.2
2025-01-24 21:16:10.045925,0.5527463647499175,1000,49.879949063633056,0.2
2025-01-24 21:16:10.046925,0.5413572624494335,1000,49.879949063633056,0.2
2025-01-24 21:16:10.047925,0.8871248656340363,1000,49.879949063633056,0.2
2025-01-24 21:16:10.048925,0.9956426266099853,1000,49.879949063633056,0.2
2025-01-24 21:16:10.049925,0.5963308318683669,1000,49.879949063633056,0.2
2025-01-24 21:16:10.050925,0.9370754413724479,1000,49.879949063633056,0.2
2025-01-24 21:16:10.051925,0.6469272942327544,1000,49.879949063633056,0.2
2025-01-24 21:16:10.052925,0.03004021654788061,1000,49.879949063633056,0.2
2025-01-24 21:16:10.053925,-0.4875485349551041,1000,49.879949063633056,0.2
2025-01-24 21:16:10.054925,-0.8191470125360089,1000,49.879949063633056,0.2
2025-01-24 21:16:10.055925,-0.669015445537922,1000,49.879949063633056,0.2
2025-01-24 21:16:10.056925,-0.6981456897340148,1000,49.879949063633056,0.2
2025-01-24 21:16:10.057925,-0.9025848468860573,1000,49.879949063633056,0.2
2025-01-24 21:16:10.058925,-1.1602430926665015,1000,49.879949063633056,0.2
2025-01-24 21:16:10.059925,-0.818372076905439,1000,49.879949063633056,0.2
2025-01-24 21:16:10.060925,-0.5493772205221896,1000,49.879949063633056,0.2
2025-01-24 21:16:10.061925,-0.4288978249855528,1000,49.879949063633056,0.2
2025-01-24 21:16:10.062925,-0.05128912268064775,1000,49.879949063633056,0.2
2025-01-24 21:16:10.063925,0.05723313212441164,1000,49.879949063633056,0.2
2025-01-24 21:16:10.064925,0.6855627381068407,1000,49.879949063633056,0.2
2025-01-24 21:16:10.065925,1.173165951293678,1000,49.879949063633056,0.2
2025-01-24 21:16:10.066925,1.2635696720569969,1000,49.879949063633056,0.2
2025-01-24 21:16:10.067925,1.0113713743385844,1000,49.879949063633056,0.2
2025-01-24 21:16:10.068925,0.880558337499445,1000,49.879949063633056,0.2
2025-01-24 21:16:10.069925,0.787916396534976,1000,49.879949063633056,0.2
2025-01-24 21:16:10.070925,0.7752198090686188,1000,49.879949063633056,0.2
2025-01-24 21:16:10.071925,0.9373992160069979,1000,49.879949063633056,0.2
2025-01-24 21:16:10.072925,0.6916004902910449,1000,49.879949063633056,0.2
2025-01-24 21:16:10.073925,-0.04759400675106937,1000,49.879949063633056,0.2
2025-01-24 21:16:10.074925,-0.11095488145701826,1000,49.879949063633056,0.2
2025-01-24 21:16:10.075925,-0.3481917498312644,1000,49.879949063633056,0.2
2025-01-24 21:16:10.076925,-0.9727651083618994,1000,49.879949063633056,0.2
2025-01-24 21:16:10.077925,-0.9524446966554437,1000,49.879949063633056,0.2
2025-01-24 21:16:10.078925,-0.9821515727719335,1000,49.879949063633056,0.2
2025-01-24 21:16:10.079925,-1.2590085796473387,1000,49.879949063633056,0.2
2025-01-24 21:16:10.080925,-0.8098188590871638,1000,49.879949063633056,0.2
2025-01-24 21:16:10.081925,-0.4165237194599112,1000,49.879949063633056,0.2
2025-01-24 21:16:10.082925,0.032605475532896444,1000,49.879949063633056,0.2
2025-01-24 21:16:10.083925,0.1562417835162917,1000,49.879949063633056,0.2
2025-01-24 21:16:10.084925,0.4660840579973828,1000,49.879949063633056,0.2
2025-01-24 21:16:10.085925,0.6349337224846321,1000,49.879949063633056,0.2
2025-01-24 21:16:10.086925,0.8538790452725343,1000,49.879949063633056,0.2
2025-01-24 21:16:10.087925,0.9901448538978437,1000,49.879949063633056,0.2
2025-01-24 21:16:10.088925,1.0240662494268995,1000,49.879949063633056,0.2
2025-01-24 21:16:10.089925,0.9187112399864812,1000,49.879949063633056,0.2
2025-01-24 21:16:10.090925,0.6927668981499238,1000,49.879949063633056,0.2
2025-01-24 21:16:10.091925,0.623404666676377,1000,49.879949063633056,0.2
2025-01-24 21:16:10.092925,0.09048397889961324,1000,49.879949063633056,0.2
2025-01-24 21:16:10.093925,0.20803188096507186,1000,49.879949063633056,0.2
2025-01-24 21:16:10.094925,-0.4130065020572795,1000,49.879949063633056,0.2
2025-01-24 21:16:10.095925,-0.6530659802571049,1000,49.879949063633056,0.2
2025-01-24 21:16:10.096925,-1.0171694435317857,1000,49.879949063633056,0.2
2025-01-24 21:16:10.097925,-1.1395746434225098,1000,49.879949063633056,0.2
2025-01-24 21:16:10.098925,-0.6451927610643262,1000,49.879949063633056,0.2
2025-01-24 21:16:10.099925,-1.0586189141839921,1000,49.879949063633056,0.2
2025-01-24 21:16:10.100925,-0.8763767327753775,1000,49.879949063633056,0.2
2025-01-24 21:16:10.101925,-0.28702943599042036,1000,49.879949063633056,0.2
2025-01-24 21:16:10.102925,-0.302015794809954,1000,49.879949063633056,0.2
2025-01-24 21:16:10.103925,0.5916257156013921,1000,49.879949063633056,0.2
2025-01-24 21:16:10.104925,0.6517013084117884,1000,49.879949063633056,0.2
2025-01-24 21:16:10.105925,0.45657023638851196,1000,49.879949063633056,0.2
2025-01-24 21:16:10.106925,0.8206644086348516,1000,49.879949063633056,0.2
2025-01-24 21:16:10.107925,1.1404022236940192,1000,49.879949063633056,0.2
2025-01-24 21:16:10.108925,1.1513553643490106,1000,49.879949063633056,0.2
2025-01-24 21:16:10.109925,0.830180476719182,1000,49.879949063633056,0.2
2025-01-24 21:16:10.110925,1.1298068627844151,1000,49.879949063633056,0.2
2025-01-24 21:16:10.111925,0.5189150385034897,1000,49.879949063633056,0.2
2025-01-24 21:16:10.112925,0.259773930600169,1000,49.879949063633056,0.2
2025-01-24 21:16:10.113925,0.07517880034380124,1000,49.879949063633056,0.2
2025-01-24 21:16:10.114925,-0.32430272822180317,1000,49.879949063633056,0.2
2025-01-24 21:16:10.115925,-0.33874840862966926,1000,49.879949063633056,0.2
2025-01-24 21:16:10.116925,-0.9950205059310789,1000,49.879949063633056,0.2
2025-01-24 21:16:10.117925,-0.9621934118602621,1000,49.879949063633056,0.2
2025-01-24 21:16:10.118925,-1.0944560164182737,1000,49.879949063633056,0.2
2025-01-24 21:16:10.119925,-0.5521242110717138,1000,49.879949063633056,0.2
2025-01-24 21:16:10.120925,-0.5448404774648625,1000,49.879949063633056,0.2
2025-01-24 21:16:10.121925,-1.0460071041420953,1000,49.879949063633056,0.2
2025-01-24 21:16:10.122925,-0.18532553410508612,1000,49.879949063633056,0.2
2025-01-24 21:16:10.123925,0.053080543031474456,1000,49.879949063633056,0.2
2025-01-24 21:16:10.124925,0.5121811581207621,1000,49.879949063633056,0.2
2025-01-24 21:16:10.125925,0.4672981262853033,1000,49.879949063633056,0.2
2025-01-24 21:16:10.126925,0.6738788162435674,1000,49.879949063633056,0.2
2025-01-24 21:16:10.127925,1.0287339677381067,1000,49.879949063633056,0.2
2025-01-24 21:16:10.128925,1.2445478947969868,1000,49.879949063633056,0.2
2025-01-24 21:16:10.129925,1.1127030855226603,1000,49.879949063633056,0.2
2025-01-24 21:16:10.130925,0.8869726778852066,1000,49.879949063633056,0.2
2025-01-24 21:16:10.131925,0.8941968005781933,1000,49.879949063633056,0.2
2025-01-24 21:16:10.132925,0.2800796482127333,1000,49.879949063633056,0.2
2025-01-24 21:16:10.133925,0.14708840004992343,1000,49.879949063633056,0.2
2025-01-24 21:16:10.134925,-0.47991651975135374,1000,49.879949063633056,0.2
2025-01-24 21:16:10.135925,-0.1735852882779917,1000,49.879949063633056,0.2
2025-01-24 21:16:10.136925,-1.0919276709294947,1000,49.879949063633056,0.2
2025-01-24 21:16:10.137925,-0.7355632236023346,1000,49.879949063633056,0.2
2025-01-24 21:16:10.138925,-0.9275280800581887,1000,49.879949063633056,0.2
2025-01-24 21:16:10.139925,-0.9331052733269523,1000,49.879949063633056,0.2
2025-01-24 21:16:10.140925,-0.9471679337104412,1000,49.879949063633056,0.2
2025-01-24 21:16:10.141925,-0.3752769530553669,1000,49.879949063633056,0.2
2025-01-24 21:16:10.142925,-0.19588564723770258,1000,49.879949063633056,0.2
2025-01-24 21:16:10.143925,0.19447506437950796,1000,49.879949063633056,0.2
2025-01-24 21:16:10.144925,0.4681454456031473,1000,49.879949063633056,0.2
2025-01-24 21:16:10.145925,0.7928952142153568,1000,49.879949063633056,0.2
2025-01-24 21:16:10.146925,1.116949947030347,1000,49.879949063633056,0.2
2025-01-24 21:16:10.147925,0.8486097142090651,1000,49.879949063633056,0.2
2025-01-24 21:16:10.148925,0.6327520124037822,1000,49.879949063633056,0.2
2025-01-24 21:16:10.149925,0.4560016209371846,1000,49.879949063633056,0.2
2025-01-24 21:16:10.150925,0.9526472218625651,1000,49.879949063633056,0.2
2025-01-24 21:16:10.151925,0.6347534913957629,1000,49.879949063633056,0.2
2025-01-24 21:16:10.152925,0.3256391304164249,1000,49.879949063633056,0.2
2025-01-24 21:16:10.153925,-0.2061524617633775,1000,49.879949063633056,0.2
2025-01-24 21:16:10.154925,-0.42466973602177605,1000,49.879949063633056,0.2
2025-01-24 21:16:10.155925,-0.24703773451344513,1000,49.879949063633056,0.2
2025-01-24 21:16:10.156925,-0.5346290184287941,1000,49.879949063633056,0.2
2025-01-24 21:16:10.157925,-0.9907771182526196,1000,49.879949063633056,0.2
2025-01-24 21:16:10.158925,-0.9982975071116627,1000,49.879949063633056,0.2
2025-01-24 21:16:10.159925,-1.191236953645034,1000,49.879949063633056,0.2
2025-01-24 21:16:10.160925,-0.5615780764934089,1000,49.879949063633056,0.2
2025-01-24 21:16:10.161925,-0.7216484771729965,1000,49.879949063633056,0.2
2025-01-24 21:16:10.162925,-0.5682118468365562,1000,49.879949063633056,0.2
2025-01-24 21:16:10.163925,-0.12110533224974519,1000,49.879949063633056,0.2
2025-01-24 21:16:10.164925,0.5781864358391207,1000,49.879949063633056,0.2
2025-01-24 21:16:10.165925,0.7914178504579299,1000,49.879949063633056,0.2
2025-01-24 21:16:10.166925,0.8598017459767209,1000,49.879949063633056,0.2
2025-01-24 21:16:10.167925,0.6851090276064324,1000,49.879949063633056,0.2
2025-01-24 21:16:10.168925,0.8850796901113908,1000,49.879949063633056,0.2
2025-01-24 21:16:10.169925,0.5222816322024598,1000,49.879949063633056,0.2
2025-01-24 21:16:10.170925,0.5291423733609595,1000,49.879949063633056,0.2
2025-01-24 21:16:10.171925,0.36441248795498327,1000,49.879949063633056,0.2
2025-01-24 21:16:10.172925,0.42917373648453305,1000,49.879949063633056,0.2
2025-01-24 21:16:10.173925,0.2408445646688182,1000,49.879949063633056,0.2
2025-01-24 21:16:10.174925,-0.6525478666497804,1000,49.879949063633056,0.2
2025-01-24 21:16:10.175925,-0.8135525389229622,1000,49.879949063633056,0.2
2025-01-24 21:16:10.176925,-0.6961204591329827,1000,49.879949063633056,0.2
2025-01-24 21:16:10.177925,-0.8108749483189719,1000,49.879949063633056,0.2
2025-01-24 21:16:10.178925,-0.760640090870445,1000,49.879949063633056,0.2
2025-01-24 21:16:10.179925,-1.0474191282715686,1000,49.879949063633056,0.2
2025-01-24 21:16:10.180925,-1.254128638759877,1000,49.879949063633056,0.2
2025-01-24 21:16:10.181925,-0.35329929356703865,1000,49.879949063633056,0.2
2025-01-24 21:16:10.182925,-0.11780003773198128,1000,49.879949063633056,0.2
2025-01-24 21:16:10.183925,0.2544314261810056,1000,49.879949063633056,0.2
2025-01-24 21:16:10.184925,0.6983968794421813,1000,49.879949063633056,0.2
2025-01-24 21:16:10.185925,0.5417236905356834,1000,49.879949063633056,0.2
2025-01-24 21:16:10.186925,0.9656778907690134,1000,49.879949063633056,0.2
2025-01-24 21:16:10.187925,1.2606470542448251,1000,49.879949063633056,0.2
2025-01-24 21:16:10.188925,1.110741870097962,1000,49.879949063633056,0.2
2025-01-24 21:16:10.189925,0.7066100648131814,1000,49.879949063633056,0.2
2025-01-24 21:16:10.190925,0.8091982836199765,1000,49.879949063633056,0.2
2025-01-24 21:16:10.191925,0.5487865705728311,1000,49.879949063633056,0.2
2025-01-24 21:16:10.192925,0.2829238586517585,1000,49.879949063633056,0.2
2025-01-24 21:16:10.193925,-0.0021089619056312917,1000,49.879949063633056,0.2
2025-01-24 21:16:10.194925,-0.046728610993801045,1000,49.879949063633056,0.2
2025-01-24 21:16:10.195925,-0.35944845652053137,1000,49.879949063633056,0.2
2025-01-24 21:16:10.196925,-0.7360403903114127,1000,49.879949063633056,0.2
2025-01-24 21:16:10.197925,-0.880131082757543,1000,49.879949063633056,0.2
2025-01-24 21:16:10.198925,-0.8677863424168659,1000,49.879949063633056,0.2
2025-01-24 21:16:10.199925,-1.24443838376448,1000,49.879949063633056,0.2
2025-01-24 21:16:10.200925,-0.33609788854259703,1000,49.879949063633056,0.2
2025-01-24 21:16:10.201925,-0.5745705516043985,1000,49.879949063633056,0.2
2025-01-24 21:16:10.202925,-0.556749756850746,1000,49.879949063633056,0.2
2025-01-24 21:16:10.203925,0.02505384542034955,1000,49.879949063633056,0.2
2025-01-24 21:16:10.204925,0.6110643869201037,1000,49.879949063633056,0.2
2025-01-24 21:16:10.205925,0.29913256062543586,1000,49.879949063633056,0.2
2025-01-24 21:16:10.206925,0.604811432229425,1000,49.879949063633056,0.2
2025-01-24 21:16:10.207925,0.7734058419787856,1000,49.879949063633056,0.2
2025-01-24 21:16:10.208925,1.0717545426322617,1000,49.879949063633056,0.2
2025-01-24 21:16:10.209925,0.9409809114890296,1000,49.879949063633056,0.2
2025-01-24 21:16:10.210925,0.9173542154601216,1000,49.879949063633056,0.2
2025-01-24 21:16:10.211925,0.7305801786833954,1000,49.879949063633056,0.2
2025-01-24 21:16:10.212925,0.5122983944324826,1000,49.879949063633056,0.2
2025-01-24 21:16:10.213925,0.11638849858362406,1000,49.879949063633056,0.2
2025-01-24 21:16:10.214925,-0.4221381188689981,1000,49.879949063633056,0.2
2025-01-24 21:16:10.215925,-0.6588463189240543,1000,49.879949063633056,0.2
2025-01-24 21:16:10.216925,-0.7905340674495798,1000,49.879949063633056,0.2
2025-01-24 21:16:10.217925,-0.6106715313223708,1000,49.879949063633056,0.2
2025-01-24 21:16:10.218925,-1.0918285715157723,1000,49.879949063633056,0.2
2025-01-24 21:16:10.219925,-0.8642783852977087,1000,49.879949063633056,0.2
2025-01-24 21:16:10.220925,-0.6640097999597394,1000,49.879949063633056,0.2
2025-01-24 21:16:10.221925,-0.8791419290023865,1000,49.879949063633056,0.2
2025-01-24 21:16:10.222925,-0.03392957311638228,1000,49.879949063633056,0.2
2025-01-24 21:16:10.223925,-0.04348138114549326,1000,49.879949063633056,0.2
2025-01-24 21:16:10.224925,0.5036450766661503,1000,49.879949063633056,0.2
2025-01-24 21:16:10.225925,0.5078774773330437,1000,49.879949063633056,0.2
2025-01-24 21:16:10.226925,0.7751901567474929,1000,49.879949063633056,0.2
2025-01-24 21:16:10.227925,0.7415947133140132,1000,49.879949063633056,0.2
2025-01-24 21:16:10.228925,0.8814381067300154,1000,49.879949063633056,0.2
2025-01-24 21:16:10.229925,0.909587678181041,1000,49.879949063633056,0.2
2025-01-24 21:16:10.230925,1.125692253049345,1000,49.879949063633056,0.2
2025-01-24 21:16:10.231925,0.4799682359254437,1000,49.879949063633056,0.2
2025-01-24 21:16:10.232925,0.9004789841693457,1000,49.879949063633056,0.2
2025-01-24 21:16:10.233925,0.05603369864718034,1000,49.879949063633056,0.2
2025-01-24 21:16:10.234925,-0.3027681740392909,1000,49.879949063633056,0.2
2025-01-24 21:16:10.235925,-0.4140305165704737,1000,49.879949063633056,0.2
2025-01-24 21:16:10.236925,-0.8297232280912072,1000,49.879949063633056,0.2
2025-01-24 21:16:10.237925,-0.743515331681007,1000,49.879949063633056,0.2
2025-01-24 21:16:10.238925,-0.9060255707936533,1000,49.879949063633056,0.2
2025-01-24 21:16:10.239925,-0.808687763082387,1000,49.879949063633056,0.2
2025-01-24 21:16:10.240925,-0.9079219173882731,1000,49.879949063633056,0.2
2025-01-24 21:16:10.241925,-0.6112601766697625,1000,49.879949063633056,0.2
2025-01-24 21:16:10.242925,-0.30211247358723586,1000,49.879949063633056,0.2
2025-01-24 21:16:10.243925,0.3261582423286684,1000,49.879949063633056,0.2
2025-01-24 21:16:10.244925,0.5088084859749069,1000,49.879949063633056,0.2
2025-01-24 21:16:10.245925,0.4078900436272431,1000,49.879949063633056,0.2
2025-01-24 21:16:10.246925,0.5597244257199361,1000,49.879949063633056,0.2
2025-01-24 21:16:10.247925,1.0687647469286568,1000,49.879949063633056,0.2
2025-01-24 21:16:10.248925,1.0286822505282691,1000,49.879949063633056,0.2
2025-01-24 21:16:10.249925,0.8015808601336388,1000,49.879949063633056,0.2
2025-01-24 21:16:10.250925,0.8208821413373112,1000,49.879949063633056,0.2
2025-01-24 21:16:10.251925,0.9967014287093939,1000,49.879949063633056,0.2
2025-01-24 21:16:10.252925,0.5884670035665069,1000,49.879949063633056,0.2
2025-01-24 21:16:10.253925,-0.10710092293550638,1000,49.879949063633056,0.2
2025-01-24 21:16:10.254925,-0.06404712013600966,1000,49.879949063633056,0.2
2025-01-24 21:16:10.255925,-0.5782199401641861,1000,49.879949063633056,0.2
2025-01-24 21:16:10.256925,-0.6988908426177348,1000,49.879949063633056,0.2
2025-01-24 21:16:10.257925,-0.6857001800945388,1000,49.879949063633056,0.2
2025-01-24 21:16:10.258925,-1.1037781528351966,1000,49.879949063633056,0.2
2025-01-24 21:16:10.259925,-1.218631786749805,1000,49.879949063633056,0.2
2025-01-24 21:16:10.260925,-0.72708246683156,1000,49.879949063633056,0.2
2025-01-24 21:16:10.261925,-0.5894643071031095,1000,49.879949063633056,0.2
2025-01-24 21:16:10.262925,-0.6543816202121249,1000,49.879949063633056,0.2
2025-01-24 21:16:10.263925,-0.30611473518464405,1000,49.879949063633056,0.2
2025-01-24 21:16:10.264925,0.1439101380097199,1000,49.879949063633056,0.2
2025-01-24 21:16:10.265925,0.4664602118280735,1000,49.879949063633056,0.2
2025-01-24 21:16:10.266925,0.5682446442702597,1000,49.879949063633056,0.2
2025-01-24 21:16:10.267925,0.9526792503620862,1000,49.879949063633056,0.2
2025-01-24 21:16:10.268925,0.7816672188558303,1000,49.879949063633056,0.2
2025-01-24 21:16:10.269925,1.0256968706082243,1000,49.879949063633056,0.2
2025-01-24 21:16:10.270925,0.5461975133381918,1000,49.879949063633056,0.2
2025-01-24 21:16:10.271925,0.43917248378422336,1000,49.879949063633056,0.2
2025-01-24 21:16:10.272925,0.7768996512836654,1000,49.879949063633056,0.2
2025-01-24 21:16:10.273925,0.10823522089541199,1000,49.879949063633056,0.2
2025-01-24 21:16:10.274925,-0.667201194836715,1000,49.879949063633056,0.2
2025-01-24 21:16:10.275925,-0.5976329195440684,1000,49.879949063633056,0.2
2025-01-24 21:16:10.276925,-0.8898353411517753,1000,49.879949063633056,0.2
2025-01-24 21:16:10.277925,-0.9573926828207195,1000,49.879949063633056,0.2
2025-01-24 21:16:10.278925,-1.213273155333214,1000,49.879949063633056,0.2
2025-01-24 21:16:10.279925,-1.1863554318275262,1000,49.879949063633056,0.2
2025-01-24 21:16:10.280925,-0.694564607449879,1000,49.879949063633056,0.2
2025-01-24 21:16:10.281925,-0.6081452991958242,1000,49.879949063633056,0.2
2025-01-24 21:16:10.282925,-0.47338429347478284,1000,49.879949063633056,0.2
2025-01-24 21:16:10.283925,0.028526995162609037,1000,49.879949063633056,0.2
2025-01-24 21:16:10.284925,0.44569590594971287,1000,49.879949063633056,0.2
2025-01-24 21:16:10.285925,0.3453603456211072,1000,49.879949063633056,0.2
2025-01-24 21:16:10.286925,0.6810778206884294,1000,49.879949063633056,0.2
2025-01-24 21:16:10.287925,1.008397494945631,1000,49.879949063633056,0.2
2025-01-24 21:16:10.288925,1.0634285991588739,1000,49.879949063633056,0.2
2025-01-24 21:16:10.289925,1.0340047473131462,1000,49.879949063633056,0.2
2025-01-24 21:16:10.290925,0.8599731703160864,1000,49.879949063633056,0.2
2025-01-24 21:16:10.291925,1.1078058690388737,1000,49.879949063633056,0.2
2025-01-24 21:16:10.292925,0.28500140790456485,1000,49.879949063633056,0.2
2025-01-24 21:16:10.293925,-0.08257935287989039,1000,49.879949063633056,0.2
2025-01-24 21:16:10.294925,-0.35132977380616714,1000,49.879949063633056,0.2
2025-01-24 21:16:10.295925,-0.7366653077921496,1000,49.879949063633056,0.2
2025-01-24 21:16:10.296925,-0.7985166082115726,1000,49.879949063633056,0.2
2025-01-24 21:16:10.297925,-0.7052193984676415,1000,49.879949063633056,0.2
2025-01-24 21:16:10.298925,-0.7194447521220414,1000,49.879949063633056,0.2
2025-01-24 21:16:10.299925,-1.3444006385142406,1000,49.879949063633056,0.2
2025-01-24 21:16:10.300925,-1.0627447910810115,1000,49.879949063633056,0.2
2025-01-24 21:16:10.301925,-0.539291842177468,1000,49.879949063633056,0.2
2025-01-24 21:16:10.302925,-0.734455633255164,1000,49.879949063633056,0.2
2025-01-24 21:16:10.303925,0.01734870186612976,1000,49.879949063633056,0.2
2025-01-24 21:16:10.304925,0.07834252793721036,1000,49.879949063633056,0.2
2025-01-24 21:16:10.305925,0.41337296930250017,1000,49.879949063633056,0.2
2025-01-24 21:16:10.306925,0.7902553090792459,1000,49.879949063633056,0.2
2025-01-24 21:16:10.307925,0.8432973008939002,1000,49.879949063633056,0.2
2025-01-24 21:16:10.308925,1.121082637349025,1000,49.879949063633056,0.2
2025-01-24 21:16:10.309925,1.21816561454727,1000,49.879949063633056,0.2
2025-01-24 21:16:10.310925,0.8475600792562299,1000,49.879949063633056,0.2
2025-01-24 21:16:10.311925,0.7012489427466732,1000,49.879949063633056,0.2
2025-01-24 21:16:10.312925,0.4288754281240322,1000,49.879949063633056,0.2
2025-01-24 21:16:10.313925,0.35126718686887903,1000,49.879949063633056,0.2
2025-01-24 21:16:10.314925,-0.11247601879259223,1000,49.879949063633056,0.2
2025-01-24 21:16:10.315925,-0.5459997031302017,1000,49.879949063633056,0.2
2025-01-24 21:16:10.316925,-0.8080196914728838,1000,49.879949063633056,0.2
2025-01-24 21:16:10.317925,-0.8481184102331294,1000,49.879949063633056,0.2
2025-01-24 21:16:10.318925,-1.3209027976297125,1000,49.879949063633056,0.2
2025-01-24 21:16:10.319925,-1.0104211083506494,1000,49.879949063633056,0.2
2025-01-24 21:16:10.320925,-0.8102323631029253,1000,49.879949063633056,0.2
2025-01-24 21:16:10.321925,-0.5874707483847279,1000,49.879949063633056,0.2
2025-01-24 21:16:10.322925,-0.3370598113970623,1000,49.879949063633056,0.2
2025-01-24 21:16:10.323925,-0.5571736605112914,1000,49.879949063633056,0.2
2025-01-24 21:16:10.324925,0.2760779978290744,1000,49.879949063633056,0.2
2025-01-24 21:16:10.325925,0.13890058927618937,1000,49.879949063633056,0.2
2025-01-24 21:16:10.326925,0.4324625144689738,1000,49.879949063633056,0.2
2025-01-24 21:16:10.327925,0.8391130859526122,1000,49.879949063633056,0.2
2025-01-24 21:16:10.328925,1.0888930055292296,1000,49.879949063633056,0.2
2025-01-24 21:16:10.329925,0.9649793915370967,1000,49.879949063633056,0.2
2025-01-24 21:16:10.330925,0.9498457733027232,1000,49.879949063633056,0.2
2025-01-24 21:16:10.331925,1.0058152594708845,1000,49.879949063633056,0.2
2025-01-24 21:16:10.332925,0.43015220848892805,1000,49.879949063633056,0.2
2025-01-24 21:16:10.333925,0.33057808389142945,1000,49.879949063633056,0.2
2025-01-24 21:16:10.334925,-0.4278893903838099,1000,49.879949063633056,0.2
2025-01-24 21:16:10.335925,-0.22653358063508572,1000,49.879949063633056,0.2
2025-01-24 21:16:10.336925,-0.6222251272119287,1000,49.879949063633056,0.2
2025-01-24 21:16:10.337925,-0.503305026759556,1000,49.879949063633056,0.2
2025-01-24 21:16:10.338925,-1.012591990073578,1000,49.879949063633056,0.2
2025-01-24 21:16:10.339925,-0.9457884377783816,1000,49.879949063633056,0.2
2025-01-24 21:16:10.340925,-1.1512703481720712,1000,49.879949063633056,0.2
